--
-- PostgreSQL database dump
--

SET statement_timeout = 0;
SET lock_timeout = 0;
SET client_encoding = 'UTF8';
SET standard_conforming_strings = on;
SET check_function_bodies = false;
SET client_min_messages = warning;

SET search_path = public, pg_catalog;

ALTER TABLE ONLY public.type DROP CONSTRAINT type_pkey;
ALTER TABLE public.type ALTER COLUMN id DROP DEFAULT;
ALTER TABLE public.tax ALTER COLUMN id DROP DEFAULT;
ALTER TABLE public.product ALTER COLUMN id DROP DEFAULT;
DROP SEQUENCE public.type_int_seq;
DROP TABLE public.type;
DROP SEQUENCE public.tax_id_seq;
DROP TABLE public.tax;
DROP SEQUENCE public.product_id_seq1;
DROP SEQUENCE public.product_id_seq;
DROP TABLE public.product;
DROP EXTENSION plpgsql;
DROP SCHEMA public;
--
-- Name: public; Type: SCHEMA; Schema: -; Owner: postgres
--

CREATE SCHEMA public;


ALTER SCHEMA public OWNER TO postgres;

--
-- Name: SCHEMA public; Type: COMMENT; Schema: -; Owner: postgres
--

COMMENT ON SCHEMA public IS 'standard public schema';


--
-- Name: plpgsql; Type: EXTENSION; Schema: -; Owner: 
--

CREATE EXTENSION IF NOT EXISTS plpgsql WITH SCHEMA pg_catalog;


--
-- Name: EXTENSION plpgsql; Type: COMMENT; Schema: -; Owner: 
--

COMMENT ON EXTENSION plpgsql IS 'PL/pgSQL procedural language';


SET search_path = public, pg_catalog;

SET default_tablespace = '';

SET default_with_oids = false;

--
-- Name: product; Type: TABLE; Schema: public; Owner: postgres; Tablespace: 
--

CREATE TABLE product (
    id integer NOT NULL,
    name character varying(200),
    type integer,
    price double precision,
    ean character varying(13)
);


ALTER TABLE product OWNER TO postgres;

--
-- Name: product_id_seq; Type: SEQUENCE; Schema: public; Owner: postgres
--

CREATE SEQUENCE product_id_seq
    START WITH 1
    INCREMENT BY 1
    NO MINVALUE
    NO MAXVALUE
    CACHE 1;


ALTER TABLE product_id_seq OWNER TO postgres;

--
-- Name: product_id_seq1; Type: SEQUENCE; Schema: public; Owner: postgres
--

CREATE SEQUENCE product_id_seq1
    START WITH 1
    INCREMENT BY 1
    NO MINVALUE
    NO MAXVALUE
    CACHE 1;


ALTER TABLE product_id_seq1 OWNER TO postgres;

--
-- Name: product_id_seq1; Type: SEQUENCE OWNED BY; Schema: public; Owner: postgres
--

ALTER SEQUENCE product_id_seq1 OWNED BY product.id;


--
-- Name: tax; Type: TABLE; Schema: public; Owner: postgres; Tablespace: 
--

CREATE TABLE tax (
    id integer NOT NULL,
    description character varying(200),
    id_type integer,
    tax double precision
);


ALTER TABLE tax OWNER TO postgres;

--
-- Name: tax_id_seq; Type: SEQUENCE; Schema: public; Owner: postgres
--

CREATE SEQUENCE tax_id_seq
    START WITH 1
    INCREMENT BY 1
    NO MINVALUE
    NO MAXVALUE
    CACHE 1;


ALTER TABLE tax_id_seq OWNER TO postgres;

--
-- Name: tax_id_seq; Type: SEQUENCE OWNED BY; Schema: public; Owner: postgres
--

ALTER SEQUENCE tax_id_seq OWNED BY tax.id;


--
-- Name: type; Type: TABLE; Schema: public; Owner: postgres; Tablespace: 
--

CREATE TABLE type (
    id integer NOT NULL,
    description character varying(200)
);


ALTER TABLE type OWNER TO postgres;

--
-- Name: type_int_seq; Type: SEQUENCE; Schema: public; Owner: postgres
--

CREATE SEQUENCE type_int_seq
    START WITH 1
    INCREMENT BY 1
    NO MINVALUE
    NO MAXVALUE
    CACHE 1;


ALTER TABLE type_int_seq OWNER TO postgres;

--
-- Name: type_int_seq; Type: SEQUENCE OWNED BY; Schema: public; Owner: postgres
--

ALTER SEQUENCE type_int_seq OWNED BY type.id;


--
-- Name: id; Type: DEFAULT; Schema: public; Owner: postgres
--

ALTER TABLE ONLY product ALTER COLUMN id SET DEFAULT nextval('product_id_seq1'::regclass);


--
-- Name: id; Type: DEFAULT; Schema: public; Owner: postgres
--

ALTER TABLE ONLY tax ALTER COLUMN id SET DEFAULT nextval('tax_id_seq'::regclass);


--
-- Name: id; Type: DEFAULT; Schema: public; Owner: postgres
--

ALTER TABLE ONLY type ALTER COLUMN id SET DEFAULT nextval('type_int_seq'::regclass);


--
-- Data for Name: product; Type: TABLE DATA; Schema: public; Owner: postgres
--

INSERT INTO product VALUES (17, 'Arroz', 9, 8.75, '6546465');
INSERT INTO product VALUES (19, 'Feijão', 9, 4.75, '564654');
INSERT INTO product VALUES (20, 'ervilha', 5, 2.9900000000000002, '6465');
INSERT INTO product VALUES (21, 'milho', 5, 3.1099999999999999, '654848646');
INSERT INTO product VALUES (22, 'Pão de Forma', 10, 5.7400000000000002, '54654');
INSERT INTO product VALUES (16, 'Cerveja ', 4, 3.4500000000000002, '12345');
INSERT INTO product VALUES (23, 'Vinho', 4, 49.899999999999999, '646545');


--
-- Name: product_id_seq; Type: SEQUENCE SET; Schema: public; Owner: postgres
--

SELECT pg_catalog.setval('product_id_seq', 1, false);


--
-- Name: product_id_seq1; Type: SEQUENCE SET; Schema: public; Owner: postgres
--

SELECT pg_catalog.setval('product_id_seq1', 23, true);


--
-- Data for Name: tax; Type: TABLE DATA; Schema: public; Owner: postgres
--

INSERT INTO tax VALUES (1, 'icms', 4, 18);
INSERT INTO tax VALUES (3, 'Importação', 4, 2);
INSERT INTO tax VALUES (4, 'a', 5, 14);
INSERT INTO tax VALUES (5, 'b', 6, 12.5);
INSERT INTO tax VALUES (6, 'c', 7, 14.59);
INSERT INTO tax VALUES (7, 'd', 10, 13.75);


--
-- Name: tax_id_seq; Type: SEQUENCE SET; Schema: public; Owner: postgres
--

SELECT pg_catalog.setval('tax_id_seq', 7, true);


--
-- Data for Name: type; Type: TABLE DATA; Schema: public; Owner: postgres
--

INSERT INTO type VALUES (5, 'Alimento - Enlatados');
INSERT INTO type VALUES (6, 'Alimento - Frutas');
INSERT INTO type VALUES (7, 'Produtos de Limpeza');
INSERT INTO type VALUES (8, 'Bebidas ');
INSERT INTO type VALUES (9, 'Alimento - não Perecível ');
INSERT INTO type VALUES (4, 'Bebida Alcoólica 1');
INSERT INTO type VALUES (10, 'Padaria');


--
-- Name: type_int_seq; Type: SEQUENCE SET; Schema: public; Owner: postgres
--

SELECT pg_catalog.setval('type_int_seq', 10, true);


--
-- Name: type_pkey; Type: CONSTRAINT; Schema: public; Owner: postgres; Tablespace: 
--

ALTER TABLE ONLY type
    ADD CONSTRAINT type_pkey PRIMARY KEY (id);


--
-- Name: public; Type: ACL; Schema: -; Owner: postgres
--

REVOKE ALL ON SCHEMA public FROM PUBLIC;
REVOKE ALL ON SCHEMA public FROM postgres;
GRANT ALL ON SCHEMA public TO postgres;
GRANT ALL ON SCHEMA public TO PUBLIC;


--
-- PostgreSQL database dump complete
--

